Id,AuthorName,SiteId
211,B.N. Sai Kumar,1
212,Dhiraj Kale,1
213,Venu Babu .G,1
214,Umesh Phulare,1
215,Venugopal Vallabhuni,1
216,Dharmendra Kumar Shu,1
217,Archana,1
218,Kishore,1
219,A.N.S.P.Shastry,1
220,Rajesh,1
221,Vivek K Bichave,1
222,I. M. Soni,1
223,Kadasi Naresh,1
224,Mamatha Reddy,1
225,Vittal Rao,1
226,Benny K George,1
227,Zeno Felix,1
228,Iyyappa M P,1
229,Rajesh,1
230,M. Srinivasa Rao Nai,1
231,Dharmendra Kumar Shu,1
232,Zeno Felix,1
233,Alok,1
234,Alok,1
235,N. Srinivas Rao,1
236,Venkateswararaovanga,1
237,A.N.Srinivasa Rao,1
238,Anshu,1
239,Vittal Rao,1
240,G.V.Ramachandran,1
241,Zeno Felix,1
242,P Srinivas,1
243,M.Srinivas,1
244,A Srinivasa Rao,1
245,A Srinivasa Rao,1
246,Jaison Sudhar,1
247,M.Srinivas,1
248,I. M. Soni,1
249,Umesh Phulare,1
250,B.N. Sai Kumar,1
251,Mohd Manzoor Khan,1
252,M. Srinivasa Rao Nai,1
253,A Srinivasa Rao,1
254,Alok,1
255,I. M. Soni,1
256,D.Srinivas,1
257,M.Viswanathan,1
258,Dharmendra Kumar Shu,1
259,Rajesh,1
260,Zeno Felix,1
261,Nizamuddin,1
262,S.Ramkumar,1
263,M.Sivashanmuganathan,1
264,Admin,1
265,Ansari Hasheem Ahmed,1
266,P Srinivas,1
267,Venu Babu .G,1
268,Rajesh,1
269,Vittal Rao,1
270,Prabhat,1
271,Venu Babu .G,1
272,Shailesh Agnihotri,1
273,Vivek K Bichave,1
274,Kamal Kumar,1
275,N.Mukunda,1
276,Neha Nagpal,1
277,A.N.S.P.Shastry,1
278,Debasish Das,1
279,Rajesh,1
280,Nalini,1
281,Ravi Kumar,1
282,Eugine Prabhu Pragas,1
283,Bharath,1
284,Cnsunkanna,1
285,Mohd Manzoor Khan,1
286,Ansari Hasheem Ahmed,1
287,bharath,1
288,A.N.Srinivasa Rao,1
289,A.N.S.P.Shastry,1
290,A.N.S.P.Shastry,1
291,Nizamuddin,1
292,Vittal Rao,1
293,Drown Jha,1
294,Nizamuddin,1
295,Ananthapadmanabha A P,1
296,K N Raja,1
297,A.N.Srinivasa Rao,1
298,Vittal Rao,1
299,Kadasi Naresh,1
300,m,1
301,Venu Gopal Reddy .G,1
302,Prabhleen Kaur,1
303,Vittal Rao,1
304,Alok,1
305,Iyyappa M P,1
306,Alok,1
307,M. Nageswara Rao,1
308,Vivek K Bichave,1
309,Anshul Deobhakta,1
310,aruna,1
311,Venu Gopal Reddy .G,1
312,Venu Gopal Reddy .G,1
313,Kamal Kumar,1
314,Rajeev,1
315,Kadasi Naresh,1
316,Rajesh,1
317,P Srinivas,1
318,G.V.Ramachandran,1
319,Rajeev,1
320,bharath,1
321,Rozario,1
322,Cnsunkanna,1
323,Medha Chawla,1
324,G.V.Ramachandran,1
325,m.srinivas,1
326,M.Viswanathan,1
327,I. M. Soni,1
328,Alok,1
329,A.N.Srinivasa Rao,1
330,Suman Bajpai,1
331,Prabhleen Kaur,1
332,admin,1
333,Anshul Deobhakta,1
334,Pramod Walke,1
335,Venugopal Vallabhuni,1
336,Shailesh Agnihotri,1
337,N.Mukunda,1
338,Eugine Prabhu Pragas,1
339,Ravi Kumar,1
340,Neha Nagpal,1
341,Shailesh,1
342,archana,1
343,M.Srinivas,1
344,Sulochana.S,1
345,Umesh Phulare,1
346,Shailesh Agnihotri,1
347,M. Srinivasa Rao Nai,1
348,Aruna Ditya Singha,1
349,bichave,1
350,Debasish Das,1
351,Pramod Walke,1
352,Kamal Kumar,1
353,M. Nageswara Rao,1
354,a.n.srinivasa,1
355,dharmendra,1
356,kumar,1
357,L.N.Sampath.Kumar,1
358,A Srinivasa Rao,1
359,Alok,1
360,Kishore,1
361,Alok,1
362,Kamal Kumar,1
363,Aruna Ditya Singha,1
364,Rahul P. Doshi,1
365,nizamuddin,1
366,benny,1
367,l.n.sampath.kumar,1
368,Mamatha Reddy,1
369,Venugopal Vallabhuni,1
370,Anshul Deobhakta,1
371,jaison,1
372,Nalini,1
373,Alok,1
374,Anshu,1
375,Zeno Felix,1
376,Venkateswararaovanga,1
377,A.N.Srinivasa Rao,1
378,Vivek K Bichave,1
379,eugine,1
380,Jaison Sudhar,1
381,Pentam Ramesh,1
382,L.N.Sampath.Kumar,1
383,Alok,1
384,A Srinivasa Rao,1
385,Shailesh Agnihotri,1
386,Cnsunkanna,1
387,Prabhleen Kaur,1
388,Shailesh Agnihotri,1
389,Alok,1
390,Prabhat,1
391,bharath,1
392,Eugine Prabhu Pragas,1
393,Abdul Khadar,1
394,dharmendra,1
395,kamal,1
396,A Srinivasa Rao,1
397,Pramod Walke,1
398,daljit,1
399,Venu Gopal Reddy .G,1
400,Debasish Das,1
401,Admin,1
402,N. Srinivas Rao,1
403,Ravi Kumar,1
404,Prabhat,1
405,Iyyappa M P,1
406,Anshul Deobhakta,1
407,rajesh,1
408,Venkateswararaovanga,1
409,Vivek K Bichave,1
410,Benny K George,1
411,Ravi Kumar,1
412,Kadasi Naresh,1
413,M.Srinivas,1
414,kaur,1
415,A.N.S.P.Shastry,1
416,Benny K George,1
417,Sunil K,1
418,Jaison Sudhar,1
419,[],1
420,\N,1
