40;yandexuniques;
22;yandex2;
8;yandex;
1;Womanseraindia_indiagate;
2;wittyfeed;
9;vainavi;
7;socialpost;
6;Siliconindia_Multiple_Oct_15;
5;shopclues;
19;pmpl_broadband;
25;pmpl_broadband;
20;pioneer_labs;
15;omniwi;
16;North_East_Today;
23;News_TM;
24;mobileappanalyticsdemo;
26;kyarate;
28;isphireachdata;
31;iilm_management;
32;iilm_liberal;
29;iilm_design;
30;iilm_computer;
10;hotspot_access;
17;hotsport_active_ikf;
27;hireach;
11;cuberoot;
13;appollo_login;
12;appollo;
14;alliance_broadband ;
18;24online_icncl;
37;topbestof;
39;al_quddus;
41;techportal;
42;roomexpert;
