Id,Tag
5,Music
6,zodiac
7,TV
8,powerful signs
9,Relationship
10,men attract
11,opposite attraction
12,couples
13,abut nipples
14,self independent
15,wise women
16,tricks
17,body language
18,learn
19,Bani J
20,Lupa mudra
21,Bigg Boss 10
22,health
23,lose weight
24,Food
25,metabolism
26,tv couples
27,remarriage
28,celebrities
29,Kareena Kapoor
30,Karan Johar
31,Autobiography
32,loose weight
33,healthy skin
34,care
35,Skin Benefit
36,Karan Johar was in one-sided love with Twinkle Khanna
37,Karan Johar #Twinkle Khanna
38,krk tweet
39,kabil review
40,Kaabil
41,raees
42,Hrithik Roashan film
43,ShahRukh Khan
44,Kajol
45,wrong guy
46,reasons
47,Bride
48,Weight loss
49,slim
50,Bride-to-be
51,#1039 Relationship Issues
52,wedding pic
53,saif and kareena wedding
54,#1071 Exam Problem
55,ShahRukhKhan
56,Twitter chat
57,#1068 Relationship Problem
58,#1069 Relationship Problem
59,Daily soaps
60,Diya Aur Baati Hum
61,Tarak Mehta
62,TV serials
63,Filmfare
64,Jury
65,Music Composer
66,singer
67,Nomination
68,Amaal Malik
69,Lifestyle
70,Healthy
71,Diet
72,Inspiration
73,Amrita Arora
74,Bollywood Actresses Who Married for Money
75,Sri Devi
76,Celina Jaitley
77,Bollywood Films
78,no song in the movie
79,bollywood actors
80,Wednesday
81,Love
82,8 Signs You Mean A Lot to Him
83,Movies That Gave Us Major Wedding Goals
84,Wedding Linked Movies
85,Destination Weddings
86,#1045 Relationship Problem
87,#1018
88,Love story
89,Confession
90,#1058 Love Problem
91,Deepika
92,Divyanka
93,Hina Khan
94,Real Age
95,Real Age Of Top 10 Small Screen Actresses
96,#1061 Relationship Issue
97,#1062 Love Confession
98,#1032 Relationship Problem
99,talent
100,Amitabh Bachchan Media Scholarship
101,Womans Era
102,Lata Mangeshkar
103,cinema
104,art
105,Amiabh Bachchan
106,Anand Pandit
107,Motivation
108,Divesh Nath
109,films
110,media scholarship
111,women
112,Movies
113,EVENTS
114,Dilip Kumar
115,Delhi Press
116,Bollywood
117,News
118,Whistling Woods
119,Shraddha Thorat
120,media students
121,love for cinema
122,scholarship
123,#1056 Confession of a Guy
124,love quiz
125,#1060 Confession of a girl
126,#1059 Love Confession
127,#1064 - Girl Confession
128,stay healthy
129,weekend
130,stay fit
131,exercise
132,Drashti Dhami
133,wedding pictures
134,Bollywood Actress
135,beauty secret
136,Priyanka
137,Pregnanacy
138,Lisa Haydon
139,Beautiful Girl from Oman #Oman
140,Fatima Godabri Kulsum Johor
141,Most Beautiful Girl
142,kishwar
143,suyash
144,photoshoot
145,bridesmaids
146,wedding goals
147,Stress
148,beat stress
149,#1067 Love Problem
150,#1070 Love Problem
151,fashion
152,eye makeup
153,beauty
154,Eyeliner
155,Rashmi Desai
156,Adhuri Kahani Humari
157,Rashmi Desi dating Laksh Lalwani
158,Home Remedies
159,Glow skin
160,beauty tips
161,beauty hacks
162,Here is What Bollywood Actress Say On Physical Relation Before Marriage
163,Sex
164,sunny leone
165,Deepika Padukone
166,#FatToFit
167,#TuesdayTransformation
168,#LoveYourself
169,virgin
170,warm clothes
171,winter season
172,couple
173,#1074 Relationship Problem
174,#1041 Relationship Problem
175,Confession of a Boy
176,#1035
177,Indian wedding...
178,wedding
179,grooms
180,wedding attire
181,Bollywood celebrities
182,Proud parents
183,Baby girl
184,Celebrity Gossips
185,Film Industry
186,Shahid Kapoor
187,Mira Rajput
