1,http://m.facebook.com/
2,socialpost.news
3,http://m.facebook.com
4,womansera.com
5,https://m.facebook.com/
6,http://lm.facebook.com/l.php
7,instagram.com
8,siliconindia.com
9,https://www.facebook.com/
10,https://www.google.co.in/
11,linkedin.com
12,android-app://m.facebook.com
13,https://lm.facebook.com/
14,https://m.facebook.com/home.php
15,https://www.google.com/
16,blogs.siliconindia.com
17,android-app://com.google.android.googlequicksearchbox/https/www.google.com
18,https://l.facebook.com/
19,android-app://com.google.android.googlequicksearchbox
20,http://www.google.co.in/
21,https://lm.facebook.com/l.php
22,https://www.google.co.in/search
23,http://l.facebook.com/l.php
24,goo.gl
25,https://l.facebook.com/l.php
26,https://www.google.co.uk/
27,t.co
28,https://www.google.ca/
29,http://www.google.com/search
30,google.ae
31,https://www.google.com.au/
32,news.siliconindia.com
33,https://www.google.com.pk/
34,https://touch.facebook.com/
35,search.yahoo.com
36,http://www.google.com/
37,http://www.google.co.in/search
38,https://www.google.co.in
39,bing.com
40,https://web.facebook.com/
41,https://www.google.com.sg/
42,https://www.facebook.com
43,google.de
44,https://www.google.com/url
45,http://www.google.co.in/url
46,https://www.google.co.nz/
47,web.whatsapp.com
48,https://m.facebook.com
49,https://www.google.co.za/
50,https://mobile.facebook.com/
51,google.mu
52,https://www.google.com.hk/
53,http://www.google.com/url
54,https://www.google.com.ph/
55,creative.dc.cuberoot.co
56,https://www.google.co.in/url
57,http://www.google.co.uk/
58,women.siliconindia.com
59,https://www.google.com.sa/
60,google.nl
61,android-app://com.linkedin.android
62,google.fr
63,cuberoot-portal.surge.sh
64,google.lk
65,googleapis.com
66,sme.siliconindia.com
67,dotnet.siliconindia.com
68,google.se
69,https://www.google.com/search
70,translate.googleusercontent.com
71,google.no
72,http://www.google.co.in
73,int.search.myway.com
74,https://www.google.co.jp/
75,https://www.google.com.np/
76,it-manager.siliconindia.com
77,mobile.siliconindia.com
78,https://www.google.co.id/
79,https://www.google.com.bh/
80,google.ie
81,http://tpc.googlesyndication.com/safeframe/1-0-10/html/container.html
82,http://www.google.com.pk/
83,https://www.google.com.bd/
84,https://www.google.com.eg/
85,https://l.facebook.com
86,https://www.google.ch/
87,https://www.google.com.my/
88,https://www.google.cz/
89,int.search.tb.ask.com
90,caravanalive.com
91,google.it
92,google.ru
93,https://www.google.co.th/
94,https://www.google.com.kw/
95,https://www.google.com.mx/
96,https://www.google.com.pk/search
97,duckduckgo.com
98,google.be
99,googleweblight.com
100,http://www.google.ca/
101,http://www.google.co.za/
102,https://www.google.com.tr/
103,https://www.google.com.vn/
104,twitter.com
105,google.dk
106,google.mv
107,http://www.google.com.au/
108,http://www.google.com.np/
109,http://www.google.com.sg/
110,https://www.google.co.uk/url
111,pinterest.com
112,qa.siliconindia.com
113,hr.siliconindia.com
114,http://www.google.co.uk/url
115,https://www.google.com.au/url
116,https://www.google.com.br/
117,cio.siliconindia.com
118,google.at
119,google.bg
120,google.bt
121,google.es
122,google.gr
123,http://www.google.ca/url
124,http://www.google.com
125,https://www.google.com.gh/
126,jokes.siliconindia.com
127,propertyfraud.com
128,search.emailaccountlogin.co
129,www-socialpost-news.cdn.ampproject.org
130,business.facebook.com
131,ceo.siliconindia.com
132,cloud.siliconindia.com
133,english.sogou.com
134,google.as
135,google.bs
136,google.by
137,google.fi
138,google.pl
139,google.pt
140,google.rs
141,google.sr
142,google.tt
143,http://www.google.co.id/
144,http://www.google.com.br/
145,http://www.google.com.ph/
146,http://www.google.com.sg/url
147,https://m.facebook.com/story.php
148,https://www.google.co.ve/
149,https://www.google.com
150,https://www.google.com.ar/
151,https://www.google.com.kh/
152,https://www.google.com.kw/url
153,https://www.google.com.ng/
154,https://www.google.com.pk
155,https://www.google.com.ua/
156,images.google.com
157,java.siliconindia.com
158,loan.siliconindia.com
159,marketing.siliconindia.com
160,web02asn.apps-search.com
161,10.254.40.113
162,adrenotechnologies.com
163,bi.siliconindia.com
164,discretesearch.com
165,dogpile.com
166,flipboard.com
167,google.dz
168,google.ee
169,google.ge
170,google.gy
171,google.hu
172,google.jo
173,google.lt
174,google.si
175,google.sk
176,google.tn
177,googleads.g.doubleclick.net
178,hindi.newsdogshare.com
179,http://www.google.ca
180,http://www.google.ch/search
181,http://www.google.co.in/m
182,http://www.google.co.kr/search
183,http://www.google.co.za
184,http://www.google.com.kh/
185,https://lm.facebook.com
186,https://m.facebook.com/index.php
187,https://m.facebook.com/photo.php
188,https://m.facebook.com/search/top/
189,https://www.google.ca/search
190,https://www.google.ca/url
191,https://www.google.ch/url
192,https://www.google.cm/
193,https://www.google.co.il/
194,https://www.google.co.in/amp/s/www.collegefashion.net/.amp/college-life/top-10-best-college-theme-party-ideas/
195,https://www.google.co.ke/
196,https://www.google.co.kr/url
197,https://www.google.co.mz/
198,https://www.google.co.uk/search
199,https://www.google.co.za/url
200,https://www.google.co.zw/
201,https://www.google.com.au/imgres
202,https://www.google.com.au/search
203,https://www.google.com.bd/search
204,https://www.google.com.bn/
205,https://www.google.com.br/url
206,https://www.google.com.hk/url
207,https://www.google.com.lb/
208,https://www.google.com.mt/
209,https://www.google.com.my/search
210,https://www.google.com.na/url
211,https://www.google.com.ng/search
212,https://www.google.com.ng/url
213,https://www.google.com.om/
214,https://www.google.com.qa/
215,https://www.google.com.tw/
216,https://www.google.com/webmasters/tools/crawl-errors
217,https://www.socialpost.news/national/facebook-introduces-profile-picture-guard-protect-members-privacy/
218,https://www.socialpost.news/national/facebook-reduce-fake-video-play-buttons-news-feed/
219,id.dolphin.com
220,images.google.co.jp
221,images.google.co.uk
222,in.zapmetasearch.com
223,inboxdollars.com
224,lnkd.in
225,myprivatesearch.com
226,nasofilters.com
227,nova.rambler.ru
228,our.intern.facebook.com
229,search.centrum.sk
230,search.mysearch.com
231,search.myway.com
232,search.myweathertab.com
233,search.tb.ask.com
234,search.xfinity.com
235,searchprivacy.co
236,seoreviewtools.com
237,tinywebgallery.com
238,tutorialses.appspot.com
239,unseen.is
240,webdev.siliconindia.com
241,weburlopener.com
242,zapmeta.com